{"place-alfcl":{"0":0.8284271247,"1":3.171572875},"place-andrw":{"0":7.778174593,"1":10.12132034},"place-aport":{"0":10.19238816,"1":6.707106781},"place-aqucl":{"0":8.485281374,"1":7.414213562},"place-asmnl":{"0":7.071067812,"1":14.82842712},"place-bbsta":{"0":4.949747468,"1":9.535533906},"place-bmmnl":{"0":13.02081528,"1":3.878679656},"place-bomnl":{"0":6.363961031,"1":5.292893219},"place-brdwy":{"0":7.778174593,"1":9.121320344},"place-brntn":{"0":10.60660172,"1":14.94974747},"place-ccmnl":{"0":8.485281374,"1":4.0},"place-chmnl":{"0":5.656854249,"1":6.0},"place-chncl":{"0":6.363961031,"1":8.121320344},"place-cntsq":{"0":4.242640687,"1":4.585786438},"place-davis":{"0":1.828427125,"1":3.171572875},"place-dwnxg":{"0":7.071067812,"1":7.414213562},"place-fldcr":{"0":7.071067812,"1":12.82842712},"place-forhl":{"0":0.0,"1":14.48528137},"place-gover":{"0":7.071067812,"1":6.0},"place-grnst":{"0":0.7071067812,"1":13.77817459},"place-haecl":{"0":8.485281374,"1":6.0},"place-harsq":{"0":3.535533906,"1":3.878679656},"place-jaksn":{"0":2.121320344,"1":12.36396103},"place-jfk":{"0":7.778174593,"1":11.12132034},"place-knncl":{"0":4.949747468,"1":5.292893219},"place-masta":{"0":4.242640687,"1":10.24264069},"place-mlmnl":{"0":8.485281374,"1":1.0},"place-mvbcl":{"0":9.485281374,"1":7.414213562},"place-north":{"0":8.485281374,"1":5.0},"place-nqncy":{"0":8.485281374,"1":11.82842712},"place-ogmnl":{"0":8.485281374,"1":0.0},"place-orhte":{"0":11.60660172,"1":5.292893219},"place-pktrm":{"0":6.363961031,"1":6.707106781},"place-portr":{"0":2.828427125,"1":3.171572875},"place-qamnl":{"0":10.60660172,"1":13.94974747},"place-qnctr":{"0":9.899494937,"1":13.24264069},"place-rbmnl":{"0":13.72792206,"1":3.171572875},"place-rcmnl":{"0":2.828427125,"1":11.65685425},"place-rugg":{"0":3.535533906,"1":10.94974747},"place-sbmnl":{"0":1.414213562,"1":13.07106781},"place-sdmnl":{"0":12.3137085,"1":4.585786438},"place-shmnl":{"0":7.071067812,"1":11.82842712},"place-smmnl":{"0":7.071067812,"1":13.82842712},"place-sstat":{"0":7.778174593,"1":8.121320344},"place-state":{"0":7.778174593,"1":6.707106781},"place-sull":{"0":8.485281374,"1":3.0},"place-tumnl":{"0":5.656854249,"1":8.828427125},"place-welln":{"0":8.485281374,"1":2.0},"place-wimnl":{"0":10.89949494,"1":6.0},"place-wlsta":{"0":9.192388155,"1":12.53553391},"place-wondl":{"0":14.43502884,"1":2.464466094},"place-alsgr":{"0":5.242640687,"1":0.7071067812},"place-armnl":{"0":16.60660172,"1":5.656854249},"place-babck":{"0":8.656854249,"1":0.7071067812},"place-bckhl":{"0":9.242640687,"1":14.02081528},"place-bcnfd":{"0":9.363961031,"1":9.899494937},"place-bcnwa":{"0":5.656854249,"1":7.778174593},"place-bland":{"0":12.89949494,"1":4.949747468},"place-bndhl":{"0":7.071067812,"1":6.363961031},"place-boyls":{"0":17.60660172,"1":5.656854249},"place-brico":{"0":7.949747468,"1":0.0},"place-brkhl":{"0":10.07106781,"1":9.192388155},"place-brmnl":{"0":12.07106781,"1":11.19238816},"place-bucen":{"0":11.48528137,"1":3.535533906},"place-buest":{"0":12.19238816,"1":4.242640687},"place-buwst":{"0":10.77817459,"1":2.828427125},"place-bvmnl":{"0":10.77817459,"1":8.485281374},"place-chhil":{"0":7.949747468,"1":11.3137085},"place-chill":{"0":1.707106781,"1":4.242640687},"place-chswk":{"0":2.414213562,"1":3.535533906},"place-clmnl":{"0":2.535533906,"1":9.899494937},"place-coecl":{"0":15.60660172,"1":5.656854249},"place-cool":{"0":8.485281374,"1":4.949747468},"place-denrd":{"0":4.242640687,"1":9.192388155},"place-eliot":{"0":5.828427125,"1":13.43502884},"place-engav":{"0":3.535533906,"1":9.899494937},"place-fbkst":{"0":6.363961031,"1":7.071067812},"place-fenwd":{"0":11.36396103,"1":11.89949494},"place-fenwy":{"0":12.19238816,"1":7.071067812},"place-grigg":{"0":5.949747468,"1":0.0},"place-harvd":{"0":6.949747468,"1":0.0},"place-hsmnl":{"0":8.535533906,"1":14.72792206},"place-hwsst":{"0":10.89949494,"1":4.949747468},"place-hymnl":{"0":14.60660172,"1":5.656854249},"place-kencl":{"0":13.60660172,"1":5.656854249},"place-kntst":{"0":10.19238816,"1":4.242640687},"place-lake":{"0":0.0,"1":4.949747468},"place-lech":{"0":18.60660172,"1":1.828427125},"place-lngmd":{"0":12.77817459,"1":10.48528137},"place-longw":{"0":11.48528137,"1":7.778174593},"place-mfa":{"0":13.48528137,"1":9.778174593},"place-mispk":{"0":10.65685425,"1":12.60660172},"place-newtn":{"0":6.535533906,"1":12.72792206},"place-newto":{"0":7.242640687,"1":12.02081528},"place-nuniv":{"0":14.19238816,"1":9.071067812},"place-plsgr":{"0":9.363961031,"1":1.414213562},"place-prmnl":{"0":14.89949494,"1":6.363961031},"place-river":{"0":3.414213562,"1":14.8492424},"place-rsmnl":{"0":8.656854249,"1":10.60660172},"place-rvrwy":{"0":9.949747468,"1":13.3137085},"place-smary":{"0":11.60660172,"1":5.656854249},"place-sougr":{"0":1.0,"1":4.949747468},"place-spmnl":{"0":19.3137085,"1":2.535533906},"place-sthld":{"0":3.121320344,"1":2.828427125},"place-stplb":{"0":10.07106781,"1":2.121320344},"place-stpul":{"0":9.192388155,"1":4.242640687},"place-sumav":{"0":7.778174593,"1":5.656854249},"place-symcl":{"0":14.89949494,"1":8.363961031},"place-tapst":{"0":4.949747468,"1":8.485281374},"place-waban":{"0":5.121320344,"1":14.14213562},"place-wascm":{"0":3.828427125,"1":2.121320344},"place-woodl":{"0":4.414213562,"1":14.8492424},"place-wrnst":{"0":4.535533906,"1":1.414213562}}